id,amount_tsh,date_recorded,funder,gps_height,installer,longitude,latitude,wpt_name,num_private,basin,subvillage,region,region_code,district_code,lga,ward,population,public_meeting,recorded_by,scheme_management,scheme_name,permit,construction_year,extraction_type,extraction_type_group,extraction_type_class,management,management_group,payment,payment_type,water_quality,quality_group,quantity,quantity_group,source,source_type,source_class,waterpoint_type,waterpoint_type_group,predicted_status,prediction_confidence,prob_functional,prob_functional_needs_repair,prob_non_functional
69572,6000.0,2011-03-14,Roman,1390,Roman,34.93809275,-9.85632177,none,0,Lake Nyasa,Mnyusi B,Iringa,11,5,Ludewa,Mundindi,109,True,GeoData Consultants Ltd,VWC,Roman,False,1999,gravity,gravity,gravity,vwc,user-group,pay annually,annually,soft,good,enough,enough,spring,spring,groundwater,communal standpipe,communal standpipe,functional,0.9311501,0.9311501,0.019829914,0.049020078
8776,0.0,2013-03-06,Grumeti,1399,GRUMETI,34.6987661,-2.14746569,Zahanati,0,Lake Victoria,Nyamara,Mara,20,2,Serengeti,Natta,280,,GeoData Consultants Ltd,Other,,True,2010,gravity,gravity,gravity,wug,user-group,never pay,never pay,soft,good,insufficient,insufficient,rainwater harvesting,rainwater harvesting,surface,communal standpipe,communal standpipe,functional,0.7975997,0.7975997,0.06986098,0.13253935
34310,25.0,2013-02-25,Lottery Club,686,World vision,37.46066446,-3.82132853,Kwa Mahundi,0,Pangani,Majengo,Manyara,21,4,Simanjiro,Ngorika,250,True,GeoData Consultants Ltd,VWC,Nyumba ya mungu pipe scheme,True,2009,gravity,gravity,gravity,vwc,user-group,pay per bucket,per bucket,soft,good,enough,enough,dam,dam,surface,communal standpipe multiple,communal standpipe,functional,0.7087169,0.7087169,0.06992464,0.22135843
67743,0.0,2013-01-28,Unicef,263,UNICEF,38.48616088,-11.15529772,Zahanati Ya Nanyumbu,0,Ruvuma / Southern Coast,Mahakamani,Mtwara,90,63,Nanyumbu,Nanyumbu,58,True,GeoData Consultants Ltd,VWC,,True,1986,submersible,submersible,submersible,vwc,user-group,never pay,never pay,soft,good,dry,dry,machine dbh,borehole,groundwater,communal standpipe multiple,communal standpipe,non functional,0.98584783,0.0075540515,0.006598042,0.98584783
19728,0.0,2011-07-13,Action In A,0,Artisan,31.13084671,-1.82535885,Shuleni,0,Lake Victoria,Kyanyamisa,Kagera,18,1,Karagwe,Nyakasimbi,0,True,GeoData Consultants Ltd,,,True,0,gravity,gravity,gravity,other,other,never pay,never pay,soft,good,seasonal,seasonal,rainwater harvesting,rainwater harvesting,surface,communal standpipe,communal standpipe,functional,0.6892561,0.6892561,0.14208986,0.16865411
9944,20.0,2011-03-13,Mkinga Distric Coun,0,DWE,39.1727956,-4.76558728,Tajiri,0,Pangani,Moa/Mwereme,Tanga,4,8,Mkinga,Moa,1,True,GeoData Consultants Ltd,VWC,Zingibali,True,2009,submersible,submersible,submersible,vwc,user-group,pay per bucket,per bucket,salty,salty,enough,enough,other,other,unknown,communal standpipe multiple,communal standpipe,functional,0.7556183,0.7556183,0.016552089,0.22782965
19816,0.0,2012-10-01,Dwsp,0,DWSP,33.36240982,-3.76636472,Kwa Ngomho,0,Internal,Ishinabulandi,Shinyanga,17,3,Shinyanga Rural,Samuye,0,True,GeoData Consultants Ltd,VWC,,True,0,swn 80,swn 80,handpump,vwc,user-group,never pay,never pay,soft,good,enough,enough,machine dbh,borehole,groundwater,hand pump,hand pump,functional,0.58008754,0.58008754,0.0382472,0.3816653
54551,0.0,2012-10-09,Rwssp,0,DWE,32.62061707,-4.22619802,Tushirikiane,0,Lake Tanganyika,Nyawishi Center,Shinyanga,17,3,Kahama,Chambo,0,True,GeoData Consultants Ltd,,,True,0,nira/tanira,nira/tanira,handpump,wug,user-group,unknown,unknown,milky,milky,enough,enough,shallow well,shallow well,groundwater,hand pump,hand pump,functional,0.8326871,0.8326871,0.022128858,0.14518403
53934,0.0,2012-11-03,Wateraid,0,Water Aid,32.71110001,-5.14671181,Kwa Ramadhan Musa,0,Lake Tanganyika,Imalauduki,Tabora,14,6,Tabora Urban,Itetemia,0,True,GeoData Consultants Ltd,VWC,,True,0,india mark ii,india mark ii,handpump,vwc,user-group,never pay,never pay,salty,salty,seasonal,seasonal,machine dbh,borehole,groundwater,hand pump,hand pump,functional,0.5450695,0.5450695,0.038370594,0.41655993
46144,0.0,2011-08-03,Isingiro Ho,0,Artisan,30.62699053,-1.25705061,Kwapeto,0,Lake Victoria,Mkonomre,Kagera,18,1,Karagwe,Kaisho,0,True,GeoData Consultants Ltd,,,True,0,nira/tanira,nira/tanira,handpump,vwc,user-group,never pay,never pay,soft,good,enough,enough,shallow well,shallow well,groundwater,hand pump,hand pump,functional,0.7574606,0.7574606,0.047526915,0.19501247
49056,0.0,2011-02-20,Private,62,Private,39.20951812,-7.03413939,Mzee Hokororo,0,Wami / Ruvu,Mizugo,Pwani,60,43,Mkuranga,Tambani,345,True,GeoData Consultants Ltd,Private operator,,False,2011,submersible,submersible,submersible,private operator,commercial,never pay,never pay,salty,salty,enough,enough,machine dbh,borehole,groundwater,other,other,functional,0.73788816,0.73788816,0.011943823,0.25016803
50409,200.0,2013-02-18,Danida,1062,DANIDA,35.77025785,-10.57417468,Kwa Alid Nchimbi,0,Lake Nyasa,Ngondombwito,Ruvuma,10,5,Namtumbo,Msindo,250,True,GeoData Consultants Ltd,WUG,,False,1987,swn 80,swn 80,handpump,wug,user-group,pay when scheme fails,on failure,soft,good,insufficient,insufficient,shallow well,shallow well,groundwater,hand pump,hand pump,functional,0.7548391,0.7548391,0.043517765,0.2016431
36957,0.0,2012-10-14,World Vision,0,World vision,33.79810612,-3.2901937999999995,Pamba,0,Internal,Nkilifa,Shinyanga,17,2,Maswa,Busilili,0,True,GeoData Consultants Ltd,WUG,,False,0,nira/tanira,nira/tanira,handpump,wug,user-group,other,other,soft,good,enough,enough,shallow well,shallow well,groundwater,hand pump,hand pump,functional,0.82685244,0.82685244,0.043001883,0.13014567
50495,0.0,2013-03-15,Lawatefuka Water Supply,1368,Lawatefuka water sup,37.09257412,-3.1817833,Kwa John Izack Mmari,0,Pangani,Omarini,Kilimanjaro,3,7,Siha,Siha Kaskazini,1,True,GeoData Consultants Ltd,Water Board,BL Bondeni,True,2009,gravity,gravity,gravity,water board,user-group,pay monthly,monthly,soft,good,enough,enough,spring,spring,groundwater,communal standpipe,communal standpipe,functional,0.8778222,0.8778222,0.022848457,0.09932933
53752,0.0,2012-10-20,Biore,0,WEDECO,34.36407268,-3.62933335,Mwabasabi,0,Internal,Mwabasabi,Shinyanga,17,6,Meatu,Nkoma,0,True,GeoData Consultants Ltd,WUG,,True,0,nira/tanira,nira/tanira,handpump,wug,user-group,never pay,never pay,soft,good,enough,enough,shallow well,shallow well,groundwater,hand pump,hand pump,functional,0.79255146,0.79255146,0.061004266,0.14644428
61848,0.0,2011-08-04,Rudep,1645,DWE,31.44412134,-8.27496163,Kwa Juvenal Ching'Ombe,0,Lake Tanganyika,Tunzi,Rukwa,15,2,Sumbawanga Rural,Mkowe,200,True,GeoData Consultants Ltd,VWC,,False,1991,swn 80,swn 80,handpump,vwc,user-group,never pay,never pay,soft,good,enough,enough,machine dbh,borehole,groundwater,hand pump,hand pump,non functional,0.49601278,0.45700186,0.046985332,0.49601278
48451,500.0,2011-07-04,Unicef,1703,DWE,34.64243884,-9.10618458,Kwa John Mtenzi,0,Rufiji,Kidudumo,Iringa,11,4,Njombe,Mdandu,35,True,GeoData Consultants Ltd,WUA,wanging'ombe water supply s,True,1978,gravity,gravity,gravity,wua,user-group,pay monthly,monthly,soft,good,dry,dry,river,river/lake,surface,communal standpipe,communal standpipe,non functional,0.9599525,0.021914614,0.01813296,0.9599525
58155,0.0,2011-09-04,Unicef,1656,DWE,34.56926611,-9.08551497,Kwa Rose Chaula,0,Rufiji,Yeriko,Iringa,11,4,Njombe,Usuka,50,True,GeoData Consultants Ltd,WUA,wanging'ombe water supply s,True,1978,gravity,gravity,gravity,wua,user-group,pay when scheme fails,on failure,soft,good,dry,dry,river,river/lake,surface,communal standpipe,communal standpipe,non functional,0.96434325,0.020283893,0.015372863,0.96434325
34169,0.0,2011-07-22,Hesawa,1162,DWE,32.92015381,-1.94786801,Ngomee,0,Lake Victoria,Center,Mwanza,19,1,Ukerewe,Ilangala,1000,,GeoData Consultants Ltd,,,True,1999,other,other,other,vwc,user-group,never pay,never pay,milky,milky,insufficient,insufficient,spring,spring,groundwater,other,other,functional needs repair,0.42806777,0.26040894,0.42806777,0.31152326
18274,500.0,2011-02-22,Danida,1763,Danid,34.50896732,-9.8944125,none,0,Lake Nyasa,Manyanya,Iringa,11,5,Ludewa,Mawengi,1,True,GeoData Consultants Ltd,VWC,Makanj,True,1992,gravity,gravity,gravity,vwc,user-group,pay annually,annually,soft,good,enough,enough,spring,spring,groundwater,communal standpipe,communal standpipe,functional,0.9229548,0.9229548,0.017841054,0.05920409
48375,200.0,2011-02-27,Twe,2216,TWE,34.47342985,-9.59498965,none,0,Lake Nyasa,Majengo,Iringa,11,4,Njombe,Matola,4,True,GeoData Consultants Ltd,VWC,Kidabu,False,2008,gravity,gravity,gravity,vwc,user-group,pay monthly,monthly,soft,good,enough,enough,spring,spring,groundwater,communal standpipe,communal standpipe,functional,0.9430879,0.9430879,0.014842783,0.042069405
6091,0.0,2013-02-10,Dwsp,0,DWE,0.0,-2e-08,Muungano,0,Lake Victoria,Ibabachegu,Shinyanga,17,1,Bariadi,Ikungulyabashashi,0,,GeoData Consultants Ltd,WUG,,False,0,swn 80,swn 80,handpump,wug,user-group,unknown,unknown,unknown,unknown,unknown,unknown,shallow well,shallow well,groundwater,hand pump,hand pump,functional,0.40302604,0.40302604,0.28505382,0.3119202
58500,0.0,2011-10-04,Unicef,1510,DWE,34.58690108,-8.98001429,Shuleni,0,Rufiji,Mkanivega,Iringa,11,4,Njombe,Usuka,350,True,GeoData Consultants Ltd,WUA,wanging'ombe water supply s,True,1978,gravity,gravity,gravity,wua,user-group,never pay,never pay,soft,good,enough,enough,river,river/lake,surface,communal standpipe,communal standpipe,functional,0.59474283,0.59474283,0.16284925,0.24240793
37862,500.0,2013-11-03,Isf,672,ISF,37.94002949,-4.12559468,Kinonga,0,Pangani,Mkonga Juu,Kilimanjaro,3,3,Same,Kisiwani,210,True,GeoData Consultants Ltd,Water authority,Mashangwi,True,2011,gravity,gravity,gravity,vwc,user-group,pay monthly,monthly,soft,good,enough,enough,river,river/lake,surface,communal standpipe,communal standpipe,functional,0.7111392,0.7111392,0.14211786,0.14674298
51058,0.0,2013-01-21,African Development Bank,1645,DWE,29.74706567,-4.49556758,Kamsasa,0,Lake Tanganyika,Msasa,Kigoma,16,3,Kigoma Rural,Mkigo,156,False,GeoData Consultants Ltd,VWC,Quick wins Program,True,2009,gravity,gravity,gravity,vwc,user-group,unknown,unknown,soft,good,enough,enough,spring,spring,groundwater,improved spring,improved spring,functional,0.66808766,0.66808766,0.17454755,0.15736482
22308,0.0,2013-02-25,Government Of Tanzania,1273,DWE,37.42275132,-3.31753648,Kwa Tukai,0,Pangani,Kitereni,Kilimanjaro,3,4,Moshi Rural,Kimochi,140,True,GeoData Consultants Ltd,VWC,Komaka mandaka,True,1974,gravity,gravity,gravity,vwc,user-group,unknown,unknown,soft,good,enough,enough,spring,spring,groundwater,communal standpipe,communal standpipe,functional,0.5500697,0.5500697,0.09154013,0.3583902
55012,500.0,2013-01-16,Sobodo,200,Kilolo Star,39.37077651,-9.94253166,Ruhoma Primary School,0,Ruvuma / Southern Coast,Shuleni,Lindi,80,23,Lindi Rural,Rutamba,260,False,GeoData Consultants Ltd,VWC,Sobodo Borehole Scheme,False,2011,india mark ii,india mark ii,handpump,vwc,user-group,pay monthly,monthly,soft,good,enough,enough,machine dbh,borehole,groundwater,hand pump,hand pump,functional,0.8230653,0.8230653,0.026122546,0.15081215
20145,0.0,2011-07-11,Hesawa,0,DWE,31.10425712,-1.73536124,Kwawilliam,0,Lake Victoria,Chakahaya,Kagera,18,1,Karagwe,Nyaishozi,0,True,GeoData Consultants Ltd,,,True,0,nira/tanira,nira/tanira,handpump,vwc,user-group,never pay,never pay,soft,good,enough,enough,shallow well,shallow well,groundwater,hand pump,hand pump,functional,0.73665327,0.73665327,0.08355403,0.17979273
19685,0.0,2013-03-05,Government Of Tanzania,1443,District council,37.61112572,-3.2635263,Kwa Kibakaya,0,Pangani,Kiyao,Kilimanjaro,3,1,Rombo,Mengwe Manda,1,True,GeoData Consultants Ltd,Company,Kitukuni water supply,True,2000,gravity,gravity,gravity,company,commercial,pay monthly,monthly,soft,good,insufficient,insufficient,spring,spring,groundwater,communal standpipe,communal standpipe,non functional,0.60026056,0.34891936,0.050820056,0.60026056
69124,0.0,2013-03-16,Lawatefuka Water Supply,1256,Lawatefuka water sup,37.06168837,-3.19198926,Kwa Willium Kinda,0,Pangani,Merali,Kilimanjaro,3,7,Siha,Siha Kati,1,True,GeoData Consultants Ltd,Water Board,BL Mwakikoti,True,2002,gravity,gravity,gravity,water board,user-group,pay monthly,monthly,soft,good,enough,enough,spring,spring,groundwater,communal standpipe,communal standpipe,functional,0.86710376,0.86710376,0.022733094,0.11016313
46804,0.0,2011-03-23,Water,0,Water,36.1083125,-5.79099991,Ngosi,0,Wami / Ruvu,Karume,Dodoma,1,4,Chamwino,Dabalo,0,True,GeoData Consultants Ltd,VWC,,True,0,nira/tanira,nira/tanira,handpump,vwc,user-group,never pay,never pay,soft,good,insufficient,insufficient,shallow well,shallow well,groundwater,hand pump,hand pump,functional,0.63207513,0.63207513,0.06007358,0.3078513
6696,50.0,2011-03-16,Private Individual,180,WU,38.36355454,-6.63610419,Kituo Cha Maziwa,0,Wami / Ruvu,Kudipera,Pwani,6,1,Bagamoyo,Chalinze,150,False,GeoData Consultants Ltd,WUA,Chalinze wate,True,2004,ksb,submersible,submersible,private operator,commercial,pay per bucket,per bucket,soft,good,enough,enough,river,river/lake,surface,communal standpipe,communal standpipe,functional,0.8220583,0.8220583,0.012442601,0.1654991
57238,0.0,2013-03-19,Government Of Tanzania,1481,DWE,37.49233371,-3.29062725,Kwa Philip Lyimo,0,Pangani,Mosheni,Kilimanjaro,3,4,Moshi Rural,Kilema  Kati,180,False,GeoData Consultants Ltd,Other,Mae pipeline,True,1972,gravity,gravity,gravity,other,other,never pay,never pay,soft,good,insufficient,insufficient,river,river/lake,surface,other,other,non functional,0.6518863,0.18610887,0.16200481,0.6518863
12402,0.0,2011-03-11,Undp,1638,DWE,34.47835586,-9.71590954,none,0,Lake Nyasa,Lupanga A,Iringa,11,5,Ludewa,Lupanga,70,True,GeoData Consultants Ltd,VWC,UNDP,False,1992,gravity,gravity,gravity,vwc,user-group,pay when scheme fails,on failure,soft,good,seasonal,seasonal,spring,spring,groundwater,communal standpipe,communal standpipe,functional,0.8138941,0.8138941,0.03811422,0.14799164
41583,0.0,2011-02-23,,-41,,39.81291224,-7.889986299999999,Msikitini Wa Ijumaa,0,Rufiji,Kilombero B,Pwani,60,63,Mafia,Baleni,100,True,GeoData Consultants Ltd,VWC,,False,0,nira/tanira,nira/tanira,handpump,vwc,user-group,never pay,never pay,salty,salty,enough,enough,shallow well,shallow well,groundwater,hand pump,hand pump,functional,0.5317869,0.5317869,0.14497265,0.32324043
57355,0.0,2013-03-28,Not Known,1546,Not known,36.61869946,-3.29300336,Sekondari,0,Pangani,Afya,Arusha,2,2,Arusha Rural,Oltrumet,200,True,GeoData Consultants Ltd,,,True,2000,other,other,other,vwc,user-group,never pay,never pay,soft,good,seasonal,seasonal,rainwater harvesting,rainwater harvesting,surface,other,other,non functional,0.62430805,0.29943857,0.07625343,0.62430805
67359,0.0,2011-07-16,Danida,0,Central government,33.85434473,-9.63851993,Office Ya Kijiji,0,Lake Nyasa,Ndanganyika,Mbeya,12,3,Kyela,Katumbasongwe,0,True,GeoData Consultants Ltd,VWC,Ngana water supplied scheme,True,0,gravity,gravity,gravity,vwc,user-group,never pay,never pay,soft,good,dry,dry,spring,spring,groundwater,communal standpipe,communal standpipe,non functional,0.97954637,0.014550759,0.0059027965,0.97954637
60048,0.0,2011-03-27,Kirde,0,DWE,35.85837259,-4.6479063,Tangi,0,Internal,Baura,Dodoma,1,1,Kondoa,Mnenia,0,True,GeoData Consultants Ltd,VWC,Itun,False,0,gravity,gravity,gravity,vwc,user-group,pay monthly,monthly,soft,good,enough,enough,spring,spring,groundwater,communal standpipe,communal standpipe,functional,0.56628823,0.56628823,0.25226453,0.18144727
16583,4000.0,2011-02-20,Cefa,1955,CEFA,35.89026429,-8.22439872,none,0,Rufiji,Mwanzala,Iringa,11,7,Kilolo,Boma la ng'ombe,100,True,GeoData Consultants Ltd,VWC,Bomala,True,2003,gravity,gravity,gravity,vwc,user-group,pay annually,annually,soft,good,enough,enough,river,river/lake,surface,communal standpipe,communal standpipe,functional,0.888108,0.888108,0.026974583,0.084917426
25,0.0,2013-02-11,Government Of Tanzania,1348,DWE,30.6133054,-3.89456056,Mkuyuni,0,Lake Tanganyika,Nyabwai B,Kigoma,16,1,Kibondo,Rugongowe,230,True,GeoData Consultants Ltd,VWC,,False,2002,nira/tanira,nira/tanira,handpump,vwc,user-group,unknown,unknown,soft,good,seasonal,seasonal,shallow well,shallow well,groundwater,hand pump,hand pump,functional,0.60134655,0.60134655,0.042842608,0.35581085
70238,25.0,2013-10-03,Ces(gmbh),710,DWE,37.42002692,-3.47684942,Kwa Lusina,0,Pangani,Reli B,Kilimanjaro,3,4,Moshi Rural,Kahe,50,True,GeoData Consultants Ltd,Water Board,Kirua kahe pumping water trust,True,2008,submersible,submersible,submersible,water board,user-group,pay per bucket,per bucket,soft,good,enough,enough,machine dbh,borehole,groundwater,communal standpipe,communal standpipe,functional,0.8791708,0.8791708,0.025826419,0.0950028
12796,500.0,2011-03-12,Government Of Tanzania,2469,Commu,33.92790176,-9.20464923,none,0,Lake Nyasa,Kilunduwe,Iringa,11,3,Makete,Ipelele,0,True,GeoData Consultants Ltd,VWC,Misiwa,False,1986,gravity,gravity,gravity,vwc,user-group,pay when scheme fails,on failure,soft,good,enough,enough,spring,spring,groundwater,communal standpipe,communal standpipe,functional,0.9107277,0.9107277,0.024646368,0.064625904
52019,500.0,2011-07-07,European Union,1803,Accra,34.81457364,-9.03250291,Zahanati-Misssion,0,Rufiji,Sokoni,Iringa,11,4,Njombe,Mtwango,250,True,GeoData Consultants Ltd,WUG,Mtwango water supplied sche,True,2011,gravity,gravity,gravity,wug,user-group,pay monthly,monthly,soft,good,enough,enough,spring,spring,groundwater,communal standpipe,communal standpipe,functional,0.95527923,0.95527923,0.0137814805,0.03093924
19282,0.0,2013-01-15,,1642,,34.96778863,-4.62892053,Mvae Primary,0,Internal,Mwarufyu,Singida,13,2,Singida Rural,Merya,1,True,GeoData Consultants Ltd,VWC,K,,1980,mono,mono,motorpump,vwc,user-group,unknown,unknown,unknown,unknown,dry,dry,machine dbh,borehole,groundwater,communal standpipe,communal standpipe,non functional,0.961281,0.011165462,0.02755356,0.961281
1843,20.0,2013-03-18,Government Of Tanzania,1007,DWE,36.80607857,-3.47855934,Kwa Bariki,0,Pangani,Marurani Juu,Arusha,2,2,Arusha Rural,Nduruma,100,True,GeoData Consultants Ltd,VWC,Machumba estate pipe line,True,2000,gravity,gravity,gravity,vwc,user-group,pay per bucket,per bucket,soft,good,insufficient,insufficient,spring,spring,groundwater,communal standpipe,communal standpipe,functional,0.67186564,0.67186564,0.060081422,0.26805297
12958,0.0,2012-10-22,World Vision,0,World Vision,33.34526033,-3.83899753,Shimasa,0,Internal,Isenegeja,Shinyanga,17,3,Shinyanga Rural,Samuye,0,True,GeoData Consultants Ltd,WUG,SHIMASA,True,0,windmill,wind-powered,wind-powered,wug,user-group,pay when scheme fails,on failure,soft,good,enough,enough,machine dbh,borehole,groundwater,communal standpipe,communal standpipe,functional,0.6786239,0.6786239,0.05708268,0.26429343
45111,20.0,2013-02-05,Lga,240,LGA,39.08741514,-11.00060373,Mikoroshini,0,Ruvuma / Southern Coast,Kachulu,Mtwara,90,33,Masasi,Sindano,30,True,GeoData Consultants Ltd,VWC,,True,2004,gravity,gravity,gravity,vwc,user-group,pay per bucket,per bucket,soft,good,enough,enough,spring,spring,groundwater,communal standpipe,communal standpipe,functional,0.5298129,0.5298129,0.30027422,0.16991286
13620,0.0,2011-07-27,,0,,33.5406067,-9.17290468,Mahakamani,0,Lake Nyasa,Mpandapanda,Mbeya,12,4,Rungwe,Kiwira,0,True,GeoData Consultants Ltd,VWC,K,,0,gravity,gravity,gravity,vwc,user-group,never pay,never pay,soft,good,enough,enough,spring,spring,groundwater,communal standpipe,communal standpipe,functional,0.6719413,0.6719413,0.11616316,0.21189551
18864,4000.0,2011-02-20,Cefa,1982,CEFA,35.87141325,-8.22756303,none,0,Rufiji,Mlandege Juu,Iringa,11,7,Kilolo,Boma la ng'ombe,70,True,GeoData Consultants Ltd,VWC,Bomala,True,2003,gravity,gravity,gravity,vwc,user-group,pay annually,annually,soft,good,enough,enough,spring,spring,groundwater,communal standpipe,communal standpipe,functional,0.9053878,0.9053878,0.019957624,0.07465457
25182,1500.0,2011-04-04,District Council,2169,DWE,34.44128349,-9.18987766,Kwa Bryson Msigwa,0,Rufiji,Ikanga,Iringa,11,4,Njombe,Wangama,20,True,GeoData Consultants Ltd,VWC,wangama water supply scheme,True,2007,gravity,gravity,gravity,vwc,user-group,pay annually,annually,soft,good,enough,enough,spring,spring,groundwater,communal standpipe,communal standpipe,functional,0.9186836,0.9186836,0.019395705,0.061920766
3228,20.0,2013-02-21,Muwsa,783,MUWSA,37.37285829,-3.34929238,Upendo,0,Pangani,Msaranga Street,Kilimanjaro,3,6,Moshi Urban,Msaranga,10,True,GeoData Consultants Ltd,Water authority,Shirimatunda Water Supply,True,2008,gravity,gravity,gravity,water authority,commercial,pay per bucket,per bucket,soft,good,insufficient,insufficient,spring,spring,groundwater,communal standpipe,communal standpipe,functional,0.7784834,0.7784834,0.052291937,0.16922462
19308,0.0,2011-08-18,Dwe/norad,1545,DWE,32.04683486,-8.57166114,Kwa Kobelo,0,Lake Rukwa,Maporomoko,Rukwa,15,2,Sumbawanga Rural,Laela,200,True,GeoData Consultants Ltd,VWC,Laela group water Supp,True,1973,gravity,gravity,gravity,vwc,user-group,never pay,never pay,soft,good,dry,dry,river,river/lake,surface,communal standpipe,communal standpipe,non functional,0.9824901,0.009891365,0.0076184813,0.9824901
10745,0.0,2011-07-31,Kkkt_makwale,0,KKKT _ Konde and DWE,33.95816322,-9.44812238,Kwa Abeli Mwamakula,0,Lake Nyasa,Isimba,Mbeya,12,3,Kyela,Makwale,0,True,GeoData Consultants Ltd,VWC,Makwale water supplied sche,True,0,gravity,gravity,gravity,vwc,user-group,never pay,never pay,soft,good,enough,enough,spring,spring,groundwater,communal standpipe,communal standpipe,functional,0.72532195,0.72532195,0.08203886,0.19263923
32376,0.0,2011-08-01,Government Of Tanzania,0,Government,0.0,-2e-08,Polisi,0,Lake Victoria,Center,Mwanza,19,6,Geita,Nyang'hwale,0,True,GeoData Consultants Ltd,VWC,Nyang'hwale,True,0,submersible,submersible,submersible,vwc,user-group,unknown,unknown,unknown,unknown,dry,dry,machine dbh,borehole,groundwater,communal standpipe multiple,communal standpipe,non functional,0.9785341,0.017212423,0.0042535122,0.9785341
9417,0.0,2011-07-14,Sawaka,0,Artisan,30.98302258,-1.68065404,Sawaka,0,Lake Victoria,Kagoye B,Kagera,18,1,Karagwe,Kiruruma,0,True,GeoData Consultants Ltd,,,True,0,gravity,gravity,gravity,private operator,commercial,never pay,never pay,soft,good,dry,dry,rainwater harvesting,rainwater harvesting,surface,communal standpipe,communal standpipe,non functional,0.8868128,0.082261726,0.030925514,0.8868128
68724,20.0,2013-02-22,Muwsa,766,MUWSA,37.34816881,-3.35653763,Environment,0,Pangani,Dhobi Street,Kilimanjaro,3,6,Moshi Urban,Njoro,1,True,GeoData Consultants Ltd,Water authority,Njoro Water Supply,True,2008,gravity,gravity,gravity,water authority,commercial,pay per bucket,per bucket,soft,good,insufficient,insufficient,spring,spring,groundwater,communal standpipe multiple,communal standpipe,functional,0.70802695,0.70802695,0.057941135,0.23403192
74197,6.0,2013-07-03,Ces (gmbh),962,DWE,37.47943592,-3.36819761,Kwa Emanuel Moshi,0,Pangani,Msufini,Kilimanjaro,3,4,Moshi Rural,Kurua Vunjo Mashariki,45,True,GeoData Consultants Ltd,Water Board,Kirua kahe gravity water supply trust,True,2008,gravity,gravity,gravity,water board,user-group,pay per bucket,per bucket,soft,good,enough,enough,spring,spring,groundwater,communal standpipe,communal standpipe,functional,0.8942529,0.8942529,0.031920083,0.073827036
22961,0.0,2013-08-03,Olgilai Village Community,1583,Olgilai village community,36.72112734,-3.33981163,Zahanati,0,Pangani,Soyekiutu,Arusha,2,2,Arusha Rural,Oltroto,150,True,GeoData Consultants Ltd,VWC,Olgilai pipe line,True,2009,gravity,gravity,gravity,vwc,user-group,never pay,never pay,soft,good,enough,enough,spring,spring,groundwater,communal standpipe,communal standpipe,functional,0.81283724,0.81283724,0.035873808,0.15128896
24593,0.0,2013-01-22,Kkkt,1703,KKKT,35.56134607,-3.80687858,Kwa Iyora Mgirigisi,0,Internal,Ants B,Manyara,21,3,Mbulu,Bargish,456,,GeoData Consultants Ltd,WUG,,True,2000,nira/tanira,nira/tanira,handpump,wug,user-group,never pay,never pay,soft,good,enough,enough,shallow well,shallow well,groundwater,hand pump,hand pump,functional,0.76577365,0.76577365,0.038832918,0.19539343
31714,0.0,2011-07-07,Government Of Tanzania,0,DWE,31.45428168,-1.56388609,Kwa Mzee Max,0,Lake Victoria,Izimbya 'A',Kagera,18,2,Bukoba Rural,Izimbya,0,True,GeoData Consultants Ltd,VWC,,True,0,swn 80,swn 80,handpump,vwc,user-group,never pay,never pay,soft,good,enough,enough,shallow well,shallow well,groundwater,hand pump,hand pump,functional,0.50105137,0.50105137,0.05560207,0.44334653
29952,0.0,2011-03-13,Roman Catholic,190,DWE,38.78943655,-5.11324963,Kwakhalid,0,Pangani,Nairobi,Tanga,4,3,Muheza,Kicheba,200,True,GeoData Consultants Ltd,VWC,Mabula mountains spr,False,1999,gravity,gravity,gravity,vwc,user-group,never pay,never pay,soft,good,seasonal,seasonal,spring,spring,groundwater,communal standpipe,communal standpipe,functional,0.61462694,0.61462694,0.03925931,0.3461137
40393,0.0,2011-03-22,Government Of Tanzania,1670,DWE,38.37667127,-4.647289499999999,Kwamussa Chabega,0,Pangani,Nkaloi,Tanga,4,1,Lushoto,Hemtoye,1,True,GeoData Consultants Ltd,VWC,,True,1992,other,other,other,vwc,user-group,never pay,never pay,soft,good,enough,enough,shallow well,shallow well,groundwater,other,other,non functional,0.9025932,0.07848694,0.0189199,0.9025932
2127,500.0,2013-01-16,Norad,954,RWE,29.66972029,-4.77975837,Kwa Jakata,0,Lake Tanganyika,Kiganza Centre,Kigoma,16,3,Kigoma Rural,Kagongo,567,True,GeoData Consultants Ltd,VWC,Mkongoro One,True,1985,gravity,gravity,gravity,vwc,user-group,pay monthly,monthly,soft,good,enough,enough,river,river/lake,surface,communal standpipe multiple,communal standpipe,functional needs repair,0.62841004,0.17797253,0.62841004,0.19361742
8265,0.0,2013-05-03,Adra,1365,Adra /Community,36.94745079,-3.35002587,Thadayo,0,Pangani,Ulkusare,Arusha,2,7,Meru,Kikatiti,130,True,GeoData Consultants Ltd,VWC,Maambreni gravity water supply,True,2002,gravity,gravity,gravity,vwc,user-group,unknown,unknown,soft,good,insufficient,insufficient,river,river/lake,surface,communal standpipe,communal standpipe,non functional,0.5229578,0.4198383,0.057203926,0.5229578
67433,0.0,2013-01-19,Sema,1538,SEMA,34.76272634,-4.30776106,Kitumba,0,Internal,Mzimba,Singida,13,1,Iramba,Nduguti,225,True,GeoData Consultants Ltd,WUG,Mwando water supply,True,2004,afridev,afridev,handpump,wug,user-group,never pay,never pay,soft,good,enough,enough,machine dbh,borehole,groundwater,hand pump,hand pump,functional,0.7080583,0.7080583,0.031012697,0.26092902
51072,0.0,2013-02-09,,1415,,34.62159801,-5.17313618,Nyambi,0,Internal,Mfumbu,Singida,13,2,Singida Rural,Naintiri,1,True,GeoData Consultants Ltd,VWC,M,,1970,mono,mono,motorpump,vwc,user-group,unknown,unknown,unknown,unknown,dry,dry,machine dbh,borehole,groundwater,communal standpipe,communal standpipe,non functional,0.98846895,0.0075735864,0.003957487,0.98846895
34255,0.0,2011-02-22,Piusi,1788,SHIPO,34.89725735,-9.2035221,Kwa Piusi,0,Rufiji,Mahalule,Iringa,11,4,Njombe,Ikuka,50,True,GeoData Consultants Ltd,Private operator,,True,2010,other - rope pump,rope pump,rope pump,private operator,commercial,never pay,never pay,soft,good,enough,enough,hand dtw,borehole,groundwater,hand pump,hand pump,functional,0.8407428,0.8407428,0.01245616,0.146801
22108,0.0,2011-07-31,Government Of Tanzania,0,DWE,30.71609028,-1.2857798,Kwashuza,0,Lake Victoria,Kihanga,Kagera,18,1,Karagwe,Isingiro,0,True,GeoData Consultants Ltd,WUG,Kaisho/Isingiro w,True,0,gravity,gravity,gravity,vwc,user-group,never pay,never pay,soft,good,dry,dry,spring,spring,groundwater,other,other,non functional,0.9689075,0.018402796,0.012689728,0.9689075
4720,0.0,2011-01-04,Unicef,1366,DWE,34.55789311,-8.88959406,Kwa Mulumbage,0,Rufiji,Iponda,Iringa,11,4,Njombe,Ilembula,54,True,GeoData Consultants Ltd,WUA,wanging'ombe supply scheme,True,1978,gravity,gravity,gravity,wua,user-group,pay when scheme fails,on failure,soft,good,dry,dry,river,river/lake,surface,communal standpipe,communal standpipe,non functional,0.97281307,0.017351605,0.009835267,0.97281307
54801,0.0,2013-02-04,Government Of Tanzania,1694,DWE,29.76800862,-4.47180947,Zahanati,0,Lake Tanganyika,Kisoro,Kigoma,16,2,Kigoma Rural,Mkigo,1,True,GeoData Consultants Ltd,Water authority,,False,2004,other,other,other,private operator,commercial,never pay,never pay,soft,good,dry,dry,rainwater harvesting,rainwater harvesting,surface,communal standpipe,communal standpipe,non functional,0.89465135,0.06665978,0.038688857,0.89465135
21990,200.0,2011-03-05,Government Of Tanzania,303,RWE,35.81898147,-8.93495018,Kwampalanji,0,Rufiji,Mtakuja,Morogoro,5,3,Kilombero,Utengule,280,True,GeoData Consultants Ltd,,,True,1995,swn 80,swn 80,handpump,vwc,user-group,pay monthly,monthly,unknown,unknown,insufficient,insufficient,shallow well,shallow well,groundwater,hand pump,hand pump,non functional,0.56607294,0.39173874,0.042188317,0.56607294
17386,0.0,2011-03-31,,0,,34.46222769,-8.57578037,Kwa Manyusi Mlilo,0,Rufiji,Lembuka,Mbeya,12,7,Mbarali,Mawindi,0,True,GeoData Consultants Ltd,VWC,,False,0,gravity,gravity,gravity,vwc,user-group,never pay,never pay,soft,good,insufficient,insufficient,river,river/lake,surface,communal standpipe,communal standpipe,functional,0.4662271,0.4662271,0.18967983,0.34409305
41609,0.0,2011-04-04,,0,,34.24718,-8.60751263,Kwa Mzee Mwalongo,0,Rufiji,Mapinduzi,Mbeya,12,7,Mbarali,Ubaruku,0,True,GeoData Consultants Ltd,VWC,,True,0,gravity,gravity,gravity,vwc,user-group,never pay,never pay,soft,good,seasonal,seasonal,river,river/lake,surface,communal standpipe,communal standpipe,functional,0.47502172,0.47502172,0.18655463,0.3384237
35715,0.0,2013-02-27,Hesawa,1565,HESAWA,34.657034499999995,-1.88801974,Machumbe,0,Lake Victoria,Mtakuja,Mara,20,2,Serengeti,Manchira,200,,GeoData Consultants Ltd,Other,,True,1991,nira/tanira,nira/tanira,handpump,wug,user-group,other,other,soft,good,insufficient,insufficient,shallow well,shallow well,groundwater,hand pump,hand pump,functional,0.59347314,0.59347314,0.07026775,0.3362591
53970,500.0,2013-01-16,Dwe,1153,DWE,30.41995839,-4.27996794,Sekondari,0,Lake Tanganyika,Kalimungoma,Kigoma,16,2,Kasulu,Kitagata,1,True,GeoData Consultants Ltd,Water authority,,False,2009,nira/tanira,nira/tanira,handpump,vwc,user-group,pay when scheme fails,on failure,soft,good,enough,enough,shallow well,shallow well,groundwater,hand pump,hand pump,functional,0.777935,0.777935,0.056243278,0.16582173
62971,0.0,2011-08-07,,0,,31.79687285,-1.35148627,Kwa Jackson,0,Lake Victoria,Umkituri,Kagera,18,6,Bukoba Urban,Kibeta,0,True,GeoData Consultants Ltd,VWC,,False,0,submersible,submersible,submersible,vwc,user-group,never pay,never pay,soft,good,insufficient,insufficient,machine dbh,borehole,groundwater,communal standpipe multiple,communal standpipe,non functional,0.61552584,0.28205556,0.102418594,0.61552584
63542,500.0,2011-03-23,Rc Church,2049,ACRA,34.68047144,-9.3264772,Kwa Mkapa,0,Rufiji,Usita,Iringa,11,4,Njombe,Imalinyi,75,True,GeoData Consultants Ltd,WUA,Tove Mtwango gravity Scheme,True,2008,gravity,gravity,gravity,wua,user-group,pay monthly,monthly,soft,good,enough,enough,spring,spring,groundwater,communal standpipe,communal standpipe,functional,0.94017977,0.94017977,0.01777541,0.042044833
15622,0.0,2013-03-18,Government Of Tanzania,905,RWE,36.93165941,-3.55703413,Miembeni Primary School,0,Pangani,Komoro,Arusha,2,7,Meru,Mbuguni,140,True,GeoData Consultants Ltd,VWC,Tengeru gravity water supply,True,1974,gravity,gravity,gravity,vwc,user-group,unknown,unknown,soft,good,insufficient,insufficient,spring,spring,groundwater,communal standpipe,communal standpipe,non functional,0.5716942,0.36577466,0.06253115,0.5716942
12903,0.0,2011-03-30,Government Of Tanzania,406,DWE,38.58082367,-4.8348356,Tawakali,0,Pangani,Kulasi Majengo,Tanga,4,2,Korogwe,Mashewa,900,True,GeoData Consultants Ltd,VWC,Kulasi water supply,False,1992,gravity,gravity,gravity,vwc,user-group,never pay,never pay,soft,good,dry,dry,river,river/lake,surface,communal standpipe,communal standpipe,non functional,0.97406685,0.02142057,0.004512554,0.97406685
52561,0.0,2012-10-23,World Vision,0,World vision,32.25500494,-3.36190077,Butimba,0,Lake Tanganyika,Butimba,Shinyanga,17,5,Bukombe,Ushirika,0,True,GeoData Consultants Ltd,VWC,,True,0,nira/tanira,nira/tanira,handpump,vwc,user-group,unknown,unknown,soft,good,insufficient,insufficient,shallow well,shallow well,groundwater,hand pump,hand pump,functional,0.683763,0.683763,0.076823674,0.23941326
19415,0.0,2011-03-02,Roman,2328,Commu,34.28447604,-9.27156548,none,0,Lake Nyasa,Ikovo,Iringa,11,3,Makete,Mang'oto,0,True,GeoData Consultants Ltd,VWC,Malemb,False,2002,gravity,gravity,gravity,vwc,user-group,never pay,never pay,soft,good,enough,enough,spring,spring,groundwater,communal standpipe,communal standpipe,functional,0.9102932,0.9102932,0.018416354,0.07129038
65531,0.0,2011-03-04,Roman,427,Roman,37.722953100000005,-7.02426273,Kwa Mzee Zewe,0,Wami / Ruvu,Dongo,Morogoro,5,2,Morogoro Rural,Tawa,100,True,GeoData Consultants Ltd,VWC,Tawa,True,2004,gravity,gravity,gravity,vwc,user-group,never pay,never pay,soft,good,enough,enough,river,river/lake,surface,communal standpipe,communal standpipe,functional,0.5653919,0.5653919,0.1208868,0.3137213
3675,0.0,2013-03-14,Swisland/ Mount Meru Flowers,1331,Community,36.75793224,-3.3747906000000003,Lonange Secschool,0,Pangani,Moivaro,Arusha,2,7,Meru,Nkoanrua,360,True,GeoData Consultants Ltd,WUA,Loruvani gravity water supply,True,2011,gravity,gravity,gravity,wua,user-group,unknown,unknown,soft,good,enough,enough,spring,spring,groundwater,communal standpipe,communal standpipe,functional,0.8981976,0.8981976,0.021867579,0.07993483
34383,0.0,2012-10-22,Rwssp,0,DWE,33.53890869,-3.36161167,Lembo,0,Internal,Bushoma,Shinyanga,17,8,Kishapu,Mondo,0,True,GeoData Consultants Ltd,WUG,,False,0,nira/tanira,nira/tanira,handpump,wug,user-group,pay when scheme fails,on failure,soft,good,insufficient,insufficient,shallow well,shallow well,groundwater,hand pump,hand pump,functional,0.7831798,0.7831798,0.06277921,0.15404095
30423,0.0,2012-10-18,Ifad,1185,IFAD,34.19057512,-1.60969058,Shuleni,0,Lake Victoria,Shule,Mara,20,3,Musoma Rural,Buswahili,544,,GeoData Consultants Ltd,Parastatal,,False,2002,gravity,gravity,gravity,parastatal,parastatal,unknown,unknown,soft,good,enough,enough,rainwater harvesting,rainwater harvesting,surface,hand pump,hand pump,functional,0.6064909,0.6064909,0.07757665,0.31593248
68717,0.0,2011-08-08,Swedish,0,Sengerema Water Department,32.18551701,-2.37877187,Kwa Swakala,0,Lake Victoria,Bulyahilu Center B,Mwanza,19,5,Sengerema,Bupandwamhela,0,True,GeoData Consultants Ltd,VWC,HESAWA,True,0,nira/tanira,nira/tanira,handpump,vwc,user-group,never pay,never pay,soft,good,seasonal,seasonal,shallow well,shallow well,groundwater,hand pump,hand pump,functional,0.66883045,0.66883045,0.04004486,0.2911247
3688,500.0,2011-02-20,Idc,1701,DWE,35.73447433,-7.91231657,none,0,Rufiji,Mlanda B,Iringa,11,1,Iringa Rural,Magulilwa,441,True,GeoData Consultants Ltd,VWC,,True,2000,swn 80,swn 80,handpump,vwc,user-group,pay monthly,monthly,soft,good,enough,enough,machine dbh,borehole,groundwater,hand pump,hand pump,functional,0.8059774,0.8059774,0.026951103,0.16707154
30537,0.0,2011-09-05,He,0,HE,31.55890304,-2.02646851,Kwa Ignas,0,Lake Victoria,Kasharunga,Kagera,18,3,Muleba,Kasharunga,0,True,GeoData Consultants Ltd,,B,False,0,gravity,gravity,gravity,vwc,user-group,never pay,never pay,soft,good,insufficient,insufficient,spring,spring,groundwater,communal standpipe,communal standpipe,functional,0.5024518,0.5024518,0.11761802,0.3799302
27312,50.0,2011-03-12,Private Individual,159,WU,38.35356668,-6.63869562,Kessy,0,Wami / Ruvu,Magwila,Pwani,6,1,Bagamoyo,Chalinze,20,False,GeoData Consultants Ltd,WUA,Chalinze wate,True,2008,ksb,submersible,submersible,private operator,commercial,pay per bucket,per bucket,soft,good,enough,enough,river,river/lake,surface,communal standpipe,communal standpipe,functional,0.8532571,0.8532571,0.010261021,0.13648185
22143,0.0,2011-04-11,Water,0,Commu,35.87817211,-5.89186837,Ofisini,0,Wami / Ruvu,Juhudi,Dodoma,1,5,Dodoma Urban,Chihanga,0,True,GeoData Consultants Ltd,VWC,Gawa,False,0,mono,mono,motorpump,vwc,user-group,pay per bucket,per bucket,soft,good,insufficient,insufficient,machine dbh,borehole,groundwater,communal standpipe multiple,communal standpipe,functional,0.6076837,0.6076837,0.1610468,0.23126954
43237,200.0,2013-01-17,Isf/tacare,1002,ISF and TACARE,29.67098869,-4.7268496,Muungano,0,Lake Tanganyika,Kilundo,Kigoma,16,3,Kigoma Rural,Mwamgongo,120,True,GeoData Consultants Ltd,WUG,Chankele/Bubango water project,True,2006,gravity,gravity,gravity,vwc,user-group,pay monthly,monthly,soft,good,enough,enough,river,river/lake,surface,communal standpipe,communal standpipe,functional,0.5461733,0.5461733,0.32976136,0.1240654
62591,0.0,2013-01-20,Jica,212,Kokeni,38.96294513,-10.47656619,Maringini,0,Ruvuma / Southern Coast,Mwena,Lindi,80,53,Ruangwa,Luchelegwa,280,True,GeoData Consultants Ltd,VWC,,True,2006,india mark iii,india mark iii,handpump,vwc,user-group,never pay,never pay,salty,salty,enough,enough,machine dbh,borehole,groundwater,hand pump,hand pump,non functional,0.5421391,0.41076478,0.047096115,0.5421391
39920,200.0,2011-03-23,Danida,18,DA,38.89040167,-6.55790327,Gedebu,0,Wami / Ruvu,Shule,Pwani,6,1,Bagamoyo,Kiromo,40,True,GeoData Consultants Ltd,Company,Bagamoyo wate,True,1987,ksb,submersible,submersible,vwc,user-group,pay monthly,monthly,soft,good,enough,enough,river,river/lake,surface,communal standpipe,communal standpipe,non functional,0.60559154,0.3841491,0.010259375,0.60559154
70892,0.0,2013-02-18,Adra,1560,Adra,35.51217404,-4.44803987,Gadiehindo,0,Internal,Mara B,Manyara,21,2,Hanang,Measkron,221,True,GeoData Consultants Ltd,VWC,Kijiji,True,2008,gravity,gravity,gravity,vwc,user-group,never pay,never pay,soft,good,insufficient,insufficient,spring,spring,groundwater,communal standpipe,communal standpipe,functional,0.7185352,0.7185352,0.06655879,0.21490602
48593,0.0,2011-07-11,Hesawa,0,DWE,31.45311103,-1.19438963,Kagashani,0,Lake Victoria,Mushasha,Kagera,18,7,Misenyi,Kyaka,0,True,GeoData Consultants Ltd,VWC,,True,0,nira/tanira,nira/tanira,handpump,vwc,user-group,never pay,never pay,milky,milky,insufficient,insufficient,shallow well,shallow well,groundwater,hand pump,hand pump,functional,0.6209066,0.6209066,0.11445387,0.2646395
26419,250.0,2013-01-27,Danida,1471,DANIDA,30.21673046,-4.34106206,Kwa Kuviye,0,Lake Tanganyika,Kitobo,Kigoma,16,2,Kasulu,Nyamnyusi,950,True,GeoData Consultants Ltd,Water authority,Donge,True,2007,gravity,gravity,gravity,vwc,user-group,pay monthly,monthly,soft,good,enough,enough,dam,dam,surface,communal standpipe multiple,communal standpipe,functional,0.4090935,0.4090935,0.346817,0.24408951
68554,500.0,2013-02-11,Government Of Tanzania,1274,Government,30.12668109,-4.23637808,Kwa Nyonyori,0,Lake Tanganyika,Kishiha,Kigoma,16,2,Kasulu,Muyama,1430,True,GeoData Consultants Ltd,Water authority,,False,1978,ksb,submersible,submersible,vwc,user-group,other,other,soft,good,enough,enough,machine dbh,borehole,groundwater,communal standpipe multiple,communal standpipe,non functional,0.83686537,0.10363735,0.059497315,0.83686537
29083,0.0,2011-08-04,Mzee Sh,0,ALLYS,33.0795039,-3.00965923,Kwa Shij,0,Lake Victoria,Misasi C,Mwanza,19,7,Missungwi,Misasi,0,False,GeoData Consultants Ltd,Private operator,,True,0,submersible,submersible,submersible,private operator,commercial,pay per bucket,per bucket,unknown,unknown,enough,enough,machine dbh,borehole,groundwater,communal standpipe multiple,communal standpipe,functional,0.6473802,0.6473802,0.03727889,0.31534094
33379,0.0,2013-02-19,Danida,1000,DWE,35.54217277,-10.80885305,Kwa Mathiasi,0,Ruvuma / Southern Coast,Msewo Mwaazi,Ruvuma,10,2,Songea Rural,Mpitimbi,0,True,GeoData Consultants Ltd,VWC,Mradi wa maji wa mpitimbi,True,1978,gravity,gravity,gravity,vwc,user-group,pay when scheme fails,on failure,soft,good,enough,enough,river,river/lake,surface,communal standpipe,communal standpipe,functional,0.5911193,0.5911193,0.16491827,0.24396245
43206,0.0,2012-10-06,Aict,0,AICT,33.23583842,-3.56601953,Kwa Daudi Mandusela,0,Internal,Madukani A,Shinyanga,17,3,Shinyanga Rural,Mwantini,0,False,GeoData Consultants Ltd,VWC,Mwang'hosha Nyamalogo,False,0,mono,mono,motorpump,vwc,user-group,never pay,never pay,soft,good,enough,enough,dam,dam,surface,communal standpipe multiple,communal standpipe,non functional,0.6538093,0.30318087,0.043009814,0.6538093
